Time of immersion (hours);Frequency (Hz);Zre (ohms);Zim (ohms);Sample
1;100000;74,8140728398189;-1,46195647814169;LDH-M2-6-18h-DS
1;79432,8203125;72,9580873076432;-1,28453792536452;LDH-M2-6-18h-DS
1;63095,734375;72,8486615353061;-1,29872491400676;LDH-M2-6-18h-DS
1;50118,72265625;71,477024049583;-1,30271416706475;LDH-M2-6-18h-DS
1;39810,71875;71,1856628933759;-1,25305200095954;LDH-M2-6-18h-DS
1;31622,77734375;71,7882539466166;-1,38277284978334;LDH-M2-6-18h-DS
1;25118,865234375;70,9433153992404;-1,28444683928203;LDH-M2-6-18h-DS
1;19952,623046875;70,9761248006159;-1,3972848313744;LDH-M2-6-18h-DS
1;15848,931640625;71,019221686905;-1,57357997609222;LDH-M2-6-18h-DS
1;12589,25390625;71,081199513242;-1,71943880741845;LDH-M2-6-18h-DS
1;10000;71,1491932919897;-1,90356684250213;LDH-M2-6-18h-DS
1;7943,2822265625;71,3228762429042;-2,20793605755127;LDH-M2-6-18h-DS
1;6309,5732421875;71,4593818715142;-2,4692486332461;LDH-M2-6-18h-DS
1;5011,87255859375;72,0253633721357;-2,98294910468426;LDH-M2-6-18h-DS
1;3981,07177734375;72,2697360358344;-3,41103547048428;LDH-M2-6-18h-DS
1;3162,27758789063;72,394734325291;-3,97573169287472;LDH-M2-6-18h-DS
1;2511,88647460938;72,6914246608974;-4,76881009146173;LDH-M2-6-18h-DS
1;1995,26232910156;72,8005620933006;-5,50339700013087;LDH-M2-6-18h-DS
1;1584,89318847656;73,1550499297673;-6,51276745304779;LDH-M2-6-18h-DS
1;1258,92541503906;73,5429850497473;-7,82787394670924;LDH-M2-6-18h-DS
1;1000;74,0697004446377;-9,28573174154114;LDH-M2-6-18h-DS
1;794,328247070313;74,6406749078837;-11,1186147641873;LDH-M2-6-18h-DS
1;630,957336425781;75,4993812617843;-13,3644562182294;LDH-M2-6-18h-DS
1;501,187225341797;76,3050861547308;-16,0080750863561;LDH-M2-6-18h-DS
1;398,107177734375;77,3990968084401;-19,1966841278645;LDH-M2-6-18h-DS
1;316,227752685547;78,8551252248792;-23,3361800353747;LDH-M2-6-18h-DS
1;251,18864440918;80,5054055489837;-27,7954634435724;LDH-M2-6-18h-DS
1;199,526229858398;82,7996926882744;-33,7051548428983;LDH-M2-6-18h-DS
1;158,489318847656;86,0816952475587;-40,8022651537722;LDH-M2-6-18h-DS
1;125,892539978027;89,9305192837997;-48,3091001994118;LDH-M2-6-18h-DS
1;100;95,3370978228769;-57,5548315496902;LDH-M2-6-18h-DS
1;79,4328231811523;102,431255773891;-68,0577837530601;LDH-M2-6-18h-DS
1;63,0957336425781;110,91120933977;-78,6755083253368;LDH-M2-6-18h-DS
1;50,118724822998;122,297398638046;-90,9229222577549;LDH-M2-6-18h-DS
1;39,810718536377;137,125576488283;-103,956411262112;LDH-M2-6-18h-DS
1;31,6227760314941;152,86794064988;-115,13787620413;LDH-M2-6-18h-DS
1;25,1188640594482;171,646340495958;-126,479477300921;LDH-M2-6-18h-DS
1;19,9526233673096;193,893048579854;-136,986513732339;LDH-M2-6-18h-DS
1;15,8489322662354;215,274066175253;-145,559431514603;LDH-M2-6-18h-DS
1;12,5892543792725;238,188215886563;-152,945630075234;LDH-M2-6-18h-DS
1;10;261,088235732819;-159,888183144956;LDH-M2-6-18h-DS
1;7,94328212738037;284,356044064494;-166,647073005337;LDH-M2-6-18h-DS
1;6,30957365036011;310,638618139004;-176,04976024609;LDH-M2-6-18h-DS
1;5,01187229156494;331,409173331709;-182,507197092736;LDH-M2-6-18h-DS
1;3,98107171058655;354,717851687855;-191,769377006877;LDH-M2-6-18h-DS
1;3,16227769851685;379,768916664284;-203,236665082096;LDH-M2-6-18h-DS
1;2,51188635826111;405,749997332454;-217,627864581723;LDH-M2-6-18h-DS
1;1,99526226520538;434,024560596112;-234,298489350676;LDH-M2-6-18h-DS
1;1,58489322662354;465,87128704442;-253,693096479297;LDH-M2-6-18h-DS
1;1,25892543792725;502,354926930943;-276,058785773685;LDH-M2-6-18h-DS
1;1;542,284704820875;-299,20719273567;LDH-M2-6-18h-DS
1;0,794328212738037;591,010926550492;-322,988654201758;LDH-M2-6-18h-DS
1;0,630957365036011;669,64213950582;-361,111046440109;LDH-M2-6-18h-DS
1;0,501187205314636;720,171617671178;-368,274448609722;LDH-M2-6-18h-DS
1;0,398107171058655;779,689229784306;-372,073850323483;LDH-M2-6-18h-DS
1;0,31622776389122;852,219264613013;-371,302898311853;LDH-M2-6-18h-DS
1;0,251188635826111;922,640798194708;-357,954761814419;LDH-M2-6-18h-DS
1;0,199526235461235;987,167334253071;-335,934180399293;LDH-M2-6-18h-DS
1;0,158489316701889;1043,86350606401;-302,882392208413;LDH-M2-6-18h-DS
1;0,125892534852028;1087,77464374891;-267,506536278505;LDH-M2-6-18h-DS
1;0,100000001490116;1120,33194196397;-230,161200381752;LDH-M2-6-18h-DS
1;0,0794328227639198;1141,63765814415;-192,671591107068;LDH-M2-6-18h-DS
1;0,0630957335233688;1151,68924160465;-160,48643738576;LDH-M2-6-18h-DS
1;0,0501187220215797;1152,6863371484;-130,669218963238;LDH-M2-6-18h-DS
1;0,0398107171058655;1146,45288996055;-106,09889471116;LDH-M2-6-18h-DS
1;0,0316227748990059;1134,88631723473;-85,6257906352114;LDH-M2-6-18h-DS
1;0,0251188650727272;1114,76761922951;-68,6470733829012;LDH-M2-6-18h-DS
1;0,0199526231735945;1088,67756734601;-54,7332567840568;LDH-M2-6-18h-DS
1;0,015848932787776;1074,40567157619;-44,6863295773216;LDH-M2-6-18h-DS
1;0,0125892544165254;1070,30512190348;-37,6462529707227;LDH-M2-6-18h-DS
1;0,00999999977648258;1077,16141237274;-32,9516247134595;LDH-M2-6-18h-DS
4;100000;77,0132759690471;-1,76003105748154;LDH-M2-6-18h-DS
4;79432,8203125;74,8787201686732;-1,48898007075451;LDH-M2-6-18h-DS
4;63095,734375;74,1517376154111;-1,32731209150242;LDH-M2-6-18h-DS
4;50118,72265625;73,8632032867279;-1,3903057883908;LDH-M2-6-18h-DS
4;39810,71875;73,4344336390475;-1,29823919503444;LDH-M2-6-18h-DS
4;31622,77734375;72,8236536103254;-1,316778392768;LDH-M2-6-18h-DS
4;25118,865234375;73,0770876339283;-1,28977613917711;LDH-M2-6-18h-DS
4;19952,623046875;73,3254290226271;-1,37186145512887;LDH-M2-6-18h-DS
4;15848,931640625;72,3478834379625;-1,39888531429726;LDH-M2-6-18h-DS
4;12589,25390625;72,3945170688731;-1,46190975486527;LDH-M2-6-18h-DS
4;10000;72,4038669266226;-1,62202435407288;LDH-M2-6-18h-DS
4;7943,2822265625;72,5701318556223;-1,89946524460455;LDH-M2-6-18h-DS
4;6309,5732421875;72,8251346600237;-2,15870167489703;LDH-M2-6-18h-DS
4;5011,87255859375;72,9588839376638;-2,51622002715867;LDH-M2-6-18h-DS
4;3981,07177734375;73,122705437668;-2,95533990455402;LDH-M2-6-18h-DS
4;3162,27758789063;73,2087859160748;-3,46453782041477;LDH-M2-6-18h-DS
4;2511,88647460938;73,3670808633746;-4,17317712621823;LDH-M2-6-18h-DS
4;1995,26232910156;73,5846421149378;-4,85784189646692;LDH-M2-6-18h-DS
4;1584,89318847656;73,8634319944982;-5,90295350458466;LDH-M2-6-18h-DS
4;1258,92541503906;74,2597850191079;-7,05648302158868;LDH-M2-6-18h-DS
4;1000;74,6544346457193;-8,38772442057724;LDH-M2-6-18h-DS
4;794,328247070313;75,1263545653206;-10,1693030997036;LDH-M2-6-18h-DS
4;630,957336425781;75,7674674474182;-12,3479294214401;LDH-M2-6-18h-DS
4;501,187225341797;76,430296754369;-14,7354093419889;LDH-M2-6-18h-DS
4;398,107177734375;77,3549028680953;-17,9878789070109;LDH-M2-6-18h-DS
4;316,227752685547;78,5472398937381;-21,8627524849212;LDH-M2-6-18h-DS
4;251,18864440918;79,8536300416073;-26,1247561537497;LDH-M2-6-18h-DS
4;199,526229858398;81,7381984812928;-31,815378736501;LDH-M2-6-18h-DS
4;158,489318847656;84,1198283655631;-38,8282255209116;LDH-M2-6-18h-DS
4;125,892539978027;87,0194191682303;-46,4324226141109;LDH-M2-6-18h-DS
4;100;91,1752591710761;-56,2217327411243;LDH-M2-6-18h-DS
4;79,4328231811523;96,6158226078379;-67,3585798411182;LDH-M2-6-18h-DS
4;63,0957336425781;103,090169333781;-79,6814046456763;LDH-M2-6-18h-DS
4;50,118724822998;111,987898494429;-94,4703111400006;LDH-M2-6-18h-DS
4;39,810718536377;124,307237295173;-112,163531127207;LDH-M2-6-18h-DS
4;31,6227760314941;138,108416793046;-129,22570613905;LDH-M2-6-18h-DS
4;25,1188640594482;156,466997805431;-148,789504881224;LDH-M2-6-18h-DS
4;19,9526233673096;179,826329295594;-169,833594605562;LDH-M2-6-18h-DS
4;15,8489322662354;203,923925538007;-188,884211923855;LDH-M2-6-18h-DS
4;12,5892543792725;233,046123477516;-209,055145051493;LDH-M2-6-18h-DS
4;10;264,36730935403;-227,671685360592;LDH-M2-6-18h-DS
4;7,94328212738037;297,67738260415;-246,11010102455;LDH-M2-6-18h-DS
4;6,30957365036011;332,738315871761;-264,282105637348;LDH-M2-6-18h-DS
4;5,01187229156494;369,035649556626;-283,363213320411;LDH-M2-6-18h-DS
4;3,98107171058655;406,836891786616;-303,892427235574;LDH-M2-6-18h-DS
4;3,16227769851685;446,896582310048;-327,138258911921;LDH-M2-6-18h-DS
4;2,51188635826111;488,965282789218;-353,706026956614;LDH-M2-6-18h-DS
4;1,99526226520538;533,383277917854;-383,708484187042;LDH-M2-6-18h-DS
4;1,58489322662354;587,323136222486;-423,059013273116;LDH-M2-6-18h-DS
4;1,25892543792725;637,666339173103;-458,675497548265;LDH-M2-6-18h-DS
4;1;696,786479477066;-501,780843821415;LDH-M2-6-18h-DS
4;0,794328212738037;767,333594712369;-552,028754250877;LDH-M2-6-18h-DS
4;0,630957365036011;846,176091889128;-607,281080670727;LDH-M2-6-18h-DS
4;0,501187205314636;938,833855027631;-664,408579888565;LDH-M2-6-18h-DS
4;0,398107171058655;1044,53152420547;-724,510361127336;LDH-M2-6-18h-DS
4;0,31622776389122;1164,78170871246;-785,242803796511;LDH-M2-6-18h-DS
4;0,251188635826111;1299,92203852421;-842,753933932433;LDH-M2-6-18h-DS
4;0,199526235461235;1451,32445371851;-891,253673334066;LDH-M2-6-18h-DS
4;0,158489316701889;1617,44779597786;-929,538780091319;LDH-M2-6-18h-DS
4;0,125892534852028;1795,89267504787;-944,646089501033;LDH-M2-6-18h-DS
4;0,100000001490116;1975,71236799798;-937,944838441863;LDH-M2-6-18h-DS
4;0,0794328227639198;2152,60924848392;-903,61147318179;LDH-M2-6-18h-DS
4;0,0630957335233688;2312,70494605312;-847,466766252463;LDH-M2-6-18h-DS
4;0,0501187220215797;2449,92416749508;-774,743358232799;LDH-M2-6-18h-DS
4;0,0398107171058655;2564,43039511376;-691,234782755338;LDH-M2-6-18h-DS
4;0,0316227748990059;2654,66358103268;-604,727175753684;LDH-M2-6-18h-DS
4;0,0251188650727272;2719,18362969816;-524,961406783834;LDH-M2-6-18h-DS
4;0,0199526231735945;2767,20081696604;-445,814875416105;LDH-M2-6-18h-DS
4;0,015848932787776;2800,78660578412;-382,411023593791;LDH-M2-6-18h-DS
4;0,0125892544165254;2813,0626993545;-319,718037024446;LDH-M2-6-18h-DS
4;0,00999999977648258;2819,9313356613;-270,868584995343;LDH-M2-6-18h-DS
24;100000;81,4562262677093;-2,12026249311713;LDH-M2-6-18h-DS
24;79432,8203125;79,3289846559227;-1,73132325326631;LDH-M2-6-18h-DS
24;63095,734375;77,9929421853194;-1,65448530202991;LDH-M2-6-18h-DS
24;50118,72265625;77,2781948091072;-1,5693978911436;LDH-M2-6-18h-DS
24;39810,71875;76,9255616613226;-1,37226511282253;LDH-M2-6-18h-DS
24;31622,77734375;76,703125946782;-1,36578540791018;LDH-M2-6-18h-DS
24;25118,865234375;76,6892824465541;-1,31181780741424;LDH-M2-6-18h-DS
24;19952,623046875;76,5752762337488;-1,35657062060251;LDH-M2-6-18h-DS
24;15848,931640625;76,5767262833287;-1,47142064246734;LDH-M2-6-18h-DS
24;12589,25390625;76,6725090434298;-1,54884667989118;LDH-M2-6-18h-DS
24;10000;76,774025318608;-1,73010274954476;LDH-M2-6-18h-DS
24;7943,2822265625;76,9307041637183;-1,9418962994518;LDH-M2-6-18h-DS
24;6309,5732421875;76,9552965468157;-2,19783746637098;LDH-M2-6-18h-DS
24;5011,87255859375;77,0393284279004;-2,56747522129888;LDH-M2-6-18h-DS
24;3981,07177734375;77,2384826793533;-3,0463494329298;LDH-M2-6-18h-DS
24;3162,27758789063;77,4434627196719;-3,57750602012808;LDH-M2-6-18h-DS
24;2511,88647460938;77,6557640246979;-4,28497063978131;LDH-M2-6-18h-DS
24;1995,26232910156;77,8755665405264;-5,02455967465075;LDH-M2-6-18h-DS
24;1584,89318847656;78,222119277556;-6,07236860886641;LDH-M2-6-18h-DS
24;1258,92541503906;78,6389181302271;-7,28480414156646;LDH-M2-6-18h-DS
24;1000;79,0184786098029;-8,69331984768525;LDH-M2-6-18h-DS
24;794,328247070313;79,4818548839447;-10,3865925753894;LDH-M2-6-18h-DS
24;630,957336425781;80,1371070969057;-12,696370765317;LDH-M2-6-18h-DS
24;501,187225341797;80,8741528680184;-15,1545480091532;LDH-M2-6-18h-DS
24;398,107177734375;81,7802517700407;-18,3408504388706;LDH-M2-6-18h-DS
24;316,227752685547;82,9268619093808;-22,3822965028307;LDH-M2-6-18h-DS
24;251,18864440918;84,0307707906641;-26,7267743668395;LDH-M2-6-18h-DS
24;199,526229858398;85,7983853041737;-32,7341081867922;LDH-M2-6-18h-DS
24;158,489318847656;87,9869614756523;-39,8415851384702;LDH-M2-6-18h-DS
24;125,892539978027;90,4390308893547;-47,8613771685813;LDH-M2-6-18h-DS
24;100;93,9439404746758;-58,1522774089859;LDH-M2-6-18h-DS
24;79,4328231811523;98,4205067797299;-70,5820469324668;LDH-M2-6-18h-DS
24;63,0957336425781;103,85565465738;-84,2133408333593;LDH-M2-6-18h-DS
24;50,118724822998;111,348834881835;-101,585649341907;LDH-M2-6-18h-DS
24;39,810718536377;121,948622589847;-123,036377972541;LDH-M2-6-18h-DS
24;31,6227760314941;133,909102416026;-145,012073485605;LDH-M2-6-18h-DS
24;25,1188640594482;150,749740558729;-172,222994203122;LDH-M2-6-18h-DS
24;19,9526233673096;173,471655173886;-204,075175389885;LDH-M2-6-18h-DS
24;15,8489322662354;198,545172874459;-234,818244197295;LDH-M2-6-18h-DS
24;12,5892543792725;232,156294108409;-270,545116595063;LDH-M2-6-18h-DS
24;10;270,386823545435;-306,535171766765;LDH-M2-6-18h-DS
24;7,94328212738037;315,881769466622;-343,54973163117;LDH-M2-6-18h-DS
24;6,30957365036011;367,253711825521;-380,816726983562;LDH-M2-6-18h-DS
24;5,01187229156494;424,010702360839;-418,061610176641;LDH-M2-6-18h-DS
24;3,98107171058655;485,838628937761;-456,443406064916;LDH-M2-6-18h-DS
24;3,16227769851685;551,95287782387;-495,409569905485;LDH-M2-6-18h-DS
24;2,51188635826111;622,42950527101;-535,608301037275;LDH-M2-6-18h-DS
24;1,99526226520538;697,125164391345;-577,266949213519;LDH-M2-6-18h-DS
24;1,58489322662354;776,498804569972;-623,132505630151;LDH-M2-6-18h-DS
24;1,25892543792725;861,672204568169;-673,368376692079;LDH-M2-6-18h-DS
24;1;949,794033740433;-726,747434204254;LDH-M2-6-18h-DS
24;0,794328212738037;1049,11208693578;-788,776940947552;LDH-M2-6-18h-DS
24;0,630957365036011;1161,11296656325;-858,683189013768;LDH-M2-6-18h-DS
24;0,501187205314636;1287,21376788845;-930,549920170877;LDH-M2-6-18h-DS
24;0,398107171058655;1429,09972504897;-1006,97327634094;LDH-M2-6-18h-DS
24;0,31622776389122;1587,27397268901;-1083,54499428077;LDH-M2-6-18h-DS
24;0,251188635826111;1761,43703337214;-1155,13823437152;LDH-M2-6-18h-DS
24;0,199526235461235;1951,37240755749;-1223,78150195893;LDH-M2-6-18h-DS
24;0,158489316701889;2156,63448541647;-1281,62889160751;LDH-M2-6-18h-DS
24;0,125892534852028;2372,79582230596;-1332,25682017735;LDH-M2-6-18h-DS
24;0,100000001490116;2599,63402348485;-1369,1472222599;LDH-M2-6-18h-DS
24;0,0794328227639198;2834,81086771237;-1391,09769956708;LDH-M2-6-18h-DS
24;0,0630957335233688;3332,21137167294;-1550,04344732936;LDH-M2-6-18h-DS
24;0,0501187220215797;3521,57697754035;-1497,49629669833;LDH-M2-6-18h-DS
24;0,0398107171058655;3709,98834718532;-1433,98697010814;LDH-M2-6-18h-DS
24;0,0316227748990059;3890,62538011491;-1359,14739724821;LDH-M2-6-18h-DS
24;0,0251188650727272;4066,57189027777;-1272,99501098902;LDH-M2-6-18h-DS
24;0,0199526231735945;4234,99212644266;-1175,60678998552;LDH-M2-6-18h-DS
24;0,015848932787776;4392,84309846732;-1082,17053597708;LDH-M2-6-18h-DS
24;0,0125892544165254;4544,1047093364;-981,285269820523;LDH-M2-6-18h-DS
24;0,00999999977648258;4675,45134104766;-877,514134699386;LDH-M2-6-18h-DS
48;100000;82,0183870300215;-2,23542387412357;LDH-M2-6-18h-DS
48;79432,8203125;79,7391696849991;-1,87842242109468;LDH-M2-6-18h-DS
48;63095,734375;78,5167147700949;-1,65976029308056;LDH-M2-6-18h-DS
48;50118,72265625;77,8307772485452;-1,72196985879714;LDH-M2-6-18h-DS
48;39810,71875;77,5219288991812;-1,56687058725141;LDH-M2-6-18h-DS
48;31622,77734375;77,27674852346;-1,53433895446775;LDH-M2-6-18h-DS
48;25118,865234375;77,2031043631413;-1,49302102354374;LDH-M2-6-18h-DS
48;19952,623046875;77,1417602473523;-1,55719638040733;LDH-M2-6-18h-DS
48;15848,931640625;77,1953900888924;-1,68491524526361;LDH-M2-6-18h-DS
48;12589,25390625;77,2991279491697;-1,8160018336222;LDH-M2-6-18h-DS
48;10000;77,4118026045892;-1,924426083429;LDH-M2-6-18h-DS
48;7943,2822265625;77,4266506128788;-2,24325560151736;LDH-M2-6-18h-DS
48;6309,5732421875;77,6033113710652;-2,5297215366027;LDH-M2-6-18h-DS
48;5011,87255859375;77,7853592194369;-2,93491689779424;LDH-M2-6-18h-DS
48;3981,07177734375;77,9790968609076;-3,4029490839457;LDH-M2-6-18h-DS
48;3162,27758789063;78,2183556741563;-3,97596377783949;LDH-M2-6-18h-DS
48;2511,88647460938;78,4302155188539;-4,83784157303598;LDH-M2-6-18h-DS
48;1995,26232910156;78,7105562503272;-5,61637564958333;LDH-M2-6-18h-DS
48;1584,89318847656;79,076954013569;-6,68589096970542;LDH-M2-6-18h-DS
48;1258,92541503906;79,4929157065032;-8,10759297506399;LDH-M2-6-18h-DS
48;1000;80,0008380306408;-9,67872412288747;LDH-M2-6-18h-DS
48;794,328247070313;80,5983094212104;-11,6363105152985;LDH-M2-6-18h-DS
48;630,957336425781;81,3360219955983;-14,1128280502899;LDH-M2-6-18h-DS
48;501,187225341797;82,1380642987292;-16,8675453402428;LDH-M2-6-18h-DS
48;398,107177734375;83,1297228096163;-20,3400330400397;LDH-M2-6-18h-DS
48;316,227752685547;84,4009695567374;-24,8497437270439;LDH-M2-6-18h-DS
48;251,18864440918;85,8564855371467;-29,6556782702916;LDH-M2-6-18h-DS
48;199,526229858398;87,8398059302089;-36,1115311420618;LDH-M2-6-18h-DS
48;158,489318847656;90,1834590382232;-44,0585756593404;LDH-M2-6-18h-DS
48;125,892539978027;93,1539591988413;-52,7505781105971;LDH-M2-6-18h-DS
48;100;97,0452392187929;-64,1141253165382;LDH-M2-6-18h-DS
48;79,4328231811523;102,026710138249;-77,5578086507285;LDH-M2-6-18h-DS
48;63,0957336425781;107,994869975916;-92,3975409785434;LDH-M2-6-18h-DS
48;50,118724822998;116,407443129308;-111,072383454894;LDH-M2-6-18h-DS
48;39,810718536377;127,804047206451;-134,365457638502;LDH-M2-6-18h-DS
48;31,6227760314941;141,123712215411;-158,560721097444;LDH-M2-6-18h-DS
48;25,1188640594482;159,176350911206;-187,688342382004;LDH-M2-6-18h-DS
48;19,9526233673096;183,797254042789;-222,357227309062;LDH-M2-6-18h-DS
48;15,8489322662354;211,108930037383;-256,505517648053;LDH-M2-6-18h-DS
48;12,5892543792725;246,278210039975;-294,478417620617;LDH-M2-6-18h-DS
48;10;288,231230854101;-334,748926839637;LDH-M2-6-18h-DS
48;7,94328212738037;337,797875812458;-376,261717983739;LDH-M2-6-18h-DS
48;6,30957365036011;393,072288696111;-418,379033005145;LDH-M2-6-18h-DS
48;5,01187229156494;454,017338608025;-460,690192878031;LDH-M2-6-18h-DS
48;3,98107171058655;521,394854538127;-504,225020204537;LDH-M2-6-18h-DS
48;3,16227769851685;594,070106808092;-549,69683783825;LDH-M2-6-18h-DS
48;2,51188635826111;671,683678644352;-596,893109770808;LDH-M2-6-18h-DS
48;1,99526226520538;755,148448832964;-646,898566778595;LDH-M2-6-18h-DS
48;1,58489322662354;844,770449034845;-699,856009348049;LDH-M2-6-18h-DS
48;1,25892543792725;942,033343827929;-758,382803947917;LDH-M2-6-18h-DS
48;1;1042,34992862249;-819,507626951246;LDH-M2-6-18h-DS
48;0,794328212738037;1154,61814260083;-887,984933331483;LDH-M2-6-18h-DS
48;0,630957365036011;1278,68740070105;-964,905900378335;LDH-M2-6-18h-DS
48;0,501187205314636;1418,38843971026;-1048,20562538183;LDH-M2-6-18h-DS
48;0,398107171058655;1573,64501676935;-1133,88423099869;LDH-M2-6-18h-DS
48;0,31622776389122;1748,33860787004;-1222,1887774646;LDH-M2-6-18h-DS
48;0,251188635826111;1936,9203250206;-1307,60730966076;LDH-M2-6-18h-DS
48;0,199526235461235;2145,46095700604;-1388,22923609039;LDH-M2-6-18h-DS
48;0,158489316701889;2366,94499995562;-1465,84694268853;LDH-M2-6-18h-DS
48;0,125892534852028;2601,51004440336;-1536,99462942265;LDH-M2-6-18h-DS
48;0,100000001490116;2848,20314370317;-1600,68147327634;LDH-M2-6-18h-DS
48;0,0794328227639198;3285,58247300074;-1792,44475434653;LDH-M2-6-18h-DS
48;0,0630957335233688;3504,34272845496;-1791,18297293393;LDH-M2-6-18h-DS
48;0,0501187220215797;3734,1129286014;-1788,93429157523;LDH-M2-6-18h-DS
48;0,0398107171058655;3977,04061442372;-1769,99788693366;LDH-M2-6-18h-DS
48;0,0316227748990059;4256,68213843296;-1762,68261621391;LDH-M2-6-18h-DS
48;0,0251188650727272;4562,36916699072;-1735,54761117577;LDH-M2-6-18h-DS
48;0,0199526231735945;4857,66555195511;-1677,71783232328;LDH-M2-6-18h-DS
48;0,015848932787776;5136,64548805378;-1591,67826224943;LDH-M2-6-18h-DS
48;0,0125892544165254;5394,37886188929;-1478,75127039516;LDH-M2-6-18h-DS
48;0,00999999977648258;5621,04019643688;-1333,05886246347;LDH-M2-6-18h-DS
72;100000;81,0809809223487;-2,26374833478949;LDH-M2-6-18h-DS
72;79432,8203125;78,8947964029163;-1,86947398821884;LDH-M2-6-18h-DS
72;63095,734375;77,6987324997265;-1,85192885414217;LDH-M2-6-18h-DS
72;50118,72265625;76,9946202142202;-1,76637370497228;LDH-M2-6-18h-DS
72;39810,71875;76,6136556725363;-1,66746960281861;LDH-M2-6-18h-DS
72;31622,77734375;76,4222882950972;-1,59564584138284;LDH-M2-6-18h-DS
72;25118,865234375;76,432559118508;-1,59353777385806;LDH-M2-6-18h-DS
72;19952,623046875;76,3080580379081;-1,66124580379218;LDH-M2-6-18h-DS
72;15848,931640625;76,4231880409629;-1,80932506232748;LDH-M2-6-18h-DS
72;12589,25390625;76,554989278672;-1,98428648404716;LDH-M2-6-18h-DS
72;10000;76,6502727956397;-2,16711600645799;LDH-M2-6-18h-DS
72;7943,2822265625;76,7758415830407;-2,46825678633775;LDH-M2-6-18h-DS
72;6309,5732421875;76,8894916613561;-2,8072224712603;LDH-M2-6-18h-DS
72;5011,87255859375;77,1271178494092;-3,18967788787095;LDH-M2-6-18h-DS
72;3981,07177734375;77,2659714403783;-3,69978284482902;LDH-M2-6-18h-DS
72;3162,27758789063;77,5441043430322;-4,36503524636646;LDH-M2-6-18h-DS
72;2511,88647460938;77,8504809194195;-5,26680425827333;LDH-M2-6-18h-DS
72;1995,26232910156;78,0990256048271;-6,10444421118933;LDH-M2-6-18h-DS
72;1584,89318847656;78,5859059896584;-7,32723992753289;LDH-M2-6-18h-DS
72;1258,92541503906;79,0431091481656;-8,76233019281652;LDH-M2-6-18h-DS
72;1000;79,5794307670105;-10,4623131134995;LDH-M2-6-18h-DS
72;794,328247070313;80,1579079111505;-12,4970644574771;LDH-M2-6-18h-DS
72;630,957336425781;81,0589053791174;-15,1516567582897;LDH-M2-6-18h-DS
72;501,187225341797;81,9184165153676;-18,106854385916;LDH-M2-6-18h-DS
72;398,107177734375;83,1050164226541;-21,8516915093957;LDH-M2-6-18h-DS
72;316,227752685547;84,5046236483568;-26,6198343680063;LDH-M2-6-18h-DS
72;251,18864440918;86,1048123014562;-31,7392401883411;LDH-M2-6-18h-DS
72;199,526229858398;88,2546217662409;-38,5281390773314;LDH-M2-6-18h-DS
72;158,489318847656;91,0808445278287;-46,8884683760947;LDH-M2-6-18h-DS
72;125,892539978027;94,2510453874857;-56,1156891722974;LDH-M2-6-18h-DS
72;100;98,6507743644238;-67,8847922575322;LDH-M2-6-18h-DS
72;79,4328231811523;104,148502455637;-81,7265512381593;LDH-M2-6-18h-DS
72;63,0957336425781;111,014354441948;-97,0699374271475;LDH-M2-6-18h-DS
72;50,118724822998;120,091127976709;-116,511529045981;LDH-M2-6-18h-DS
72;39,810718536377;132,732289138833;-140,370783326762;LDH-M2-6-18h-DS
72;31,6227760314941;147,359695797741;-164,956458127806;LDH-M2-6-18h-DS
72;25,1188640594482;166,897197859008;-193,958218708007;LDH-M2-6-18h-DS
72;19,9526233673096;192,841734797386;-228,515175480737;LDH-M2-6-18h-DS
72;15,8489322662354;222,432165701226;-262,583506889403;LDH-M2-6-18h-DS
72;12,5892543792725;258,264857554537;-299,01593643892;LDH-M2-6-18h-DS
72;10;300,748318924228;-338,068208537902;LDH-M2-6-18h-DS
72;7,94328212738037;350,297710503434;-378,049825450541;LDH-M2-6-18h-DS
72;6,30957365036011;405,17333419161;-419,107009864608;LDH-M2-6-18h-DS
72;5,01187229156494;465,177185898893;-460,668939455773;LDH-M2-6-18h-DS
72;3,98107171058655;530,781311144816;-504,202071854282;LDH-M2-6-18h-DS
72;3,16227769851685;601,5106204442;-550,343149589827;LDH-M2-6-18h-DS
72;2,51188635826111;677,290607997801;-599,488579899126;LDH-M2-6-18h-DS
72;1,99526226520538;759,257822685545;-651,677539587755;LDH-M2-6-18h-DS
72;1,58489322662354;846,948476186289;-708,580880277878;LDH-M2-6-18h-DS
72;1,25892543792725;942,293024617366;-773,008405276397;LDH-M2-6-18h-DS
72;1;1040,56096831459;-839,156030879896;LDH-M2-6-18h-DS
72;0,794328212738037;1151,97046088963;-916,633198207097;LDH-M2-6-18h-DS
72;0,630957365036011;1275,6833881207;-1004,18131683138;LDH-M2-6-18h-DS
72;0,501187205314636;1414,91937709176;-1101,90742987173;LDH-M2-6-18h-DS
72;0,398107171058655;1573,32919888972;-1204,96900073366;LDH-M2-6-18h-DS
72;0,31622776389122;1750,62940060308;-1312,82309867731;LDH-M2-6-18h-DS
72;0,251188635826111;1949,46751303366;-1426,62324079365;LDH-M2-6-18h-DS
72;0,199526235461235;2171,0418840354;-1539,45410560873;LDH-M2-6-18h-DS
72;0,158489316701889;2412,00952478023;-1647,95215384486;LDH-M2-6-18h-DS
72;0,125892534852028;2677,8677683772;-1756,41316282784;LDH-M2-6-18h-DS
72;0,100000001490116;3112,81652863746;-1976,38143135124;LDH-M2-6-18h-DS
72;0,0794328227639198;3369,127695908;-2003,56259333528;LDH-M2-6-18h-DS
72;0,0630957335233688;3652,1144972972;-2022,89460400104;LDH-M2-6-18h-DS
72;0,0501187220215797;3968,30282502078;-2031,71777280628;LDH-M2-6-18h-DS
72;0,0398107171058655;4327,51182271686;-2025,58201140972;LDH-M2-6-18h-DS
72;0,0316227748990059;4677,42779707479;-1986,77134976385;LDH-M2-6-18h-DS
72;0,0251188650727272;5010,69301328565;-1913,68652137255;LDH-M2-6-18h-DS
72;0,0199526231735945;5330,24924951691;-1807,54018528653;LDH-M2-6-18h-DS
72;0,015848932787776;5613,43720808662;-1670,79646307779;LDH-M2-6-18h-DS
72;0,0125892544165254;5852,67439843916;-1505,24550022063;LDH-M2-6-18h-DS
72;0,00999999977648258;6037,48253354538;-1326,4329513926;LDH-M2-6-18h-DS
96;100000;81,5135690119563;39,6487446650363;LDH-M2-6-18h-DS
96;79432,8203125;77,7136853690525;31,7420178126634;LDH-M2-6-18h-DS
96;63095,734375;75,3496021283382;25,4910946856849;LDH-M2-6-18h-DS
96;50118,72265625;73,6222476628396;20,3642325324309;LDH-M2-6-18h-DS
96;39810,71875;72,3305567013534;16,384292564613;LDH-M2-6-18h-DS
96;31622,77734375;71,3289626003834;12,6781167444609;LDH-M2-6-18h-DS
96;25118,865234375;71,0549591352252;9,54053114816061;LDH-M2-6-18h-DS
96;19952,623046875;70,9365064418414;7,44678304843447;LDH-M2-6-18h-DS
96;15848,931640625;70,7764460518558;5,62179556878292;LDH-M2-6-18h-DS
96;12589,25390625;70,6961650171538;4,0451637580985;LDH-M2-6-18h-DS
96;10000;70,6671551658436;2,78638711147971;LDH-M2-6-18h-DS
96;7943,2822265625;70,8103025324317;1,40158106638696;LDH-M2-6-18h-DS
96;6309,5732421875;70,7984279314524;0,293869509404668;LDH-M2-6-18h-DS
96;5011,87255859375;70,8456398296228;-0,747043851531428;LDH-M2-6-18h-DS
96;3981,07177734375;70,9812057915619;-2,02208021105062;LDH-M2-6-18h-DS
96;3162,27758789063;71,1098269137965;-2,69137539458465;LDH-M2-6-18h-DS
96;2511,88647460938;72,3430856590083;-4,11812783093138;LDH-M2-6-18h-DS
96;1995,26232910156;75,0700696661688;-5,51256997463111;LDH-M2-6-18h-DS
96;1584,89318847656;73,2842586249525;-4,63843620836729;LDH-M2-6-18h-DS
96;1258,92541503906;73,5667788303046;-6,35762109075866;LDH-M2-6-18h-DS
96;1000;73,5674356481622;-8,4414215922867;LDH-M2-6-18h-DS
96;794,328247070313;74,5351862077855;-10,5389920788423;LDH-M2-6-18h-DS
96;630,957336425781;74,33667862489;-13,409977469036;LDH-M2-6-18h-DS
96;501,187225341797;75,81478261351;-15,4555228126986;LDH-M2-6-18h-DS
96;398,107177734375;76,9943785217957;-18,1925040712388;LDH-M2-6-18h-DS
96;316,227752685547;78,5126375061339;-22,0311129511834;LDH-M2-6-18h-DS
96;251,18864440918;80,2343879389696;-26,4917262806674;LDH-M2-6-18h-DS
96;199,526229858398;82,4267853745936;-31,5245356292384;LDH-M2-6-18h-DS
96;158,489318847656;85,5046806385492;-38,4443999125649;LDH-M2-6-18h-DS
96;125,892539978027;88,4282776849366;-45,1117474856975;LDH-M2-6-18h-DS
96;100;93,0482359747711;-53,9984272258552;LDH-M2-6-18h-DS
96;79,4328231811523;98,2249570581944;-64,6998250158427;LDH-M2-6-18h-DS
96;63,0957336425781;104,715006823381;-75,6565443520023;LDH-M2-6-18h-DS
96;50,118724822998;113,83516302761;-88,6313113076903;LDH-M2-6-18h-DS
96;39,810718536377;125,91545965782;-104,593528183344;LDH-M2-6-18h-DS
96;31,6227760314941;139,711160186658;-119,056727253177;LDH-M2-6-18h-DS
96;25,1188640594482;155,313656862284;-136,927624630399;LDH-M2-6-18h-DS
96;19,9526233673096;181,189774564118;-159,120521678431;LDH-M2-6-18h-DS
96;15,8489322662354;201,015660188017;-172,183635545637;LDH-M2-6-18h-DS
96;12,5892543792725;233,138863660871;-192,593427383052;LDH-M2-6-18h-DS
96;10;254,306138036967;-206,121688497365;LDH-M2-6-18h-DS
96;7,94328212738037;295,744781224934;-223,813262261561;LDH-M2-6-18h-DS
96;6,30957365036011;324,555898390852;-220,882576345487;LDH-M2-6-18h-DS
96;5,01187229156494;369,289954867649;-226,924074615028;LDH-M2-6-18h-DS
96;3,98107171058655;389,333238991101;-235,699119640768;LDH-M2-6-18h-DS
96;3,16227769851685;427,81274759972;-281,418403406285;LDH-M2-6-18h-DS
96;2,51188635826111;472,234762810639;-293,134951036763;LDH-M2-6-18h-DS
96;1,99526226520538;458,253379224697;-252,376686610749;LDH-M2-6-18h-DS
96;1,58489322662354;590,16592238996;-264,756520517797;LDH-M2-6-18h-DS
96;1,25892543792725;587,77558546303;-380,200950397737;LDH-M2-6-18h-DS
96;1;509,21308230535;-297,483484115605;LDH-M2-6-18h-DS
96;0,794328212738037;681,679932636958;-194,430611646844;LDH-M2-6-18h-DS
96;0,630957365036011;-2234,85504515706;-5475,69624584257;LDH-M2-6-18h-DS
96;0,501187205314636;786,925579391465;-384,685852990028;LDH-M2-6-18h-DS
96;0,398107171058655;834,943787251368;-413,406394192489;LDH-M2-6-18h-DS
96;0,31622776389122;886,660391564394;-447,796665394566;LDH-M2-6-18h-DS
96;0,251188635826111;944,755361906218;-487,079391434928;LDH-M2-6-18h-DS
96;0,199526235461235;1011,28945826415;-530,625267065295;LDH-M2-6-18h-DS
96;0,158489316701889;1087,54271779504;-576,404483179212;LDH-M2-6-18h-DS
96;0,125892534852028;1176,86781841827;-620,985367043601;LDH-M2-6-18h-DS
96;0,100000001490116;1280,8024276457;-658,338885562283;LDH-M2-6-18h-DS
96;0,0794328227639198;1395,00360673491;-683,045481676465;LDH-M2-6-18h-DS
96;0,0630957335233688;1518,74788432984;-690,875656178372;LDH-M2-6-18h-DS
96;0,0501187220215797;1639,69609065942;-675,626063169639;LDH-M2-6-18h-DS
96;0,0398107171058655;1752,89393755415;-640,902161897375;LDH-M2-6-18h-DS
96;0,0316227748990059;1850,89377978226;-588,425389722451;LDH-M2-6-18h-DS
96;0,0251188650727272;1925,13873637535;-523,084296085229;LDH-M2-6-18h-DS
96;0,0199526231735945;1974,58082305478;-453,879766749192;LDH-M2-6-18h-DS
96;0,015848932787776;2000,36266156312;-384,614674297855;LDH-M2-6-18h-DS
96;0,0125892544165254;2001,05178643394;-320,406054531085;LDH-M2-6-18h-DS
96;0,00999999977648258;1979,03736829844;-259,861175312024;LDH-M2-6-18h-DS
168;100000;82,1942608403411;-2,88910184166852;LDH-M2-6-18h-DS
168;79432,8203125;80,018718794914;-2,43134834847069;LDH-M2-6-18h-DS
168;63095,734375;78,786245244549;-2,2707481274453;LDH-M2-6-18h-DS
168;50118,72265625;78,1678824194377;-2,30927919901264;LDH-M2-6-18h-DS
168;39810,71875;77,9116890316016;-2,22755285866112;LDH-M2-6-18h-DS
168;31622,77734375;77,8180134615391;-2,25434133321412;LDH-M2-6-18h-DS
168;25118,865234375;77,7686961865894;-2,19176832448466;LDH-M2-6-18h-DS
168;19952,623046875;77,8248825327202;-2,28795732064278;LDH-M2-6-18h-DS
168;15848,931640625;77,9864563814572;-2,47324143156366;LDH-M2-6-18h-DS
168;12589,25390625;78,1554770767429;-2,62586341821314;LDH-M2-6-18h-DS
168;10000;78,3308848458229;-3,00622023221319;LDH-M2-6-18h-DS
168;7943,2822265625;78,5625489770768;-3,23718398073651;LDH-M2-6-18h-DS
168;6309,5732421875;78,7630631688535;-3,64600488839823;LDH-M2-6-18h-DS
168;5011,87255859375;79,1544540930146;-4,15484245018499;LDH-M2-6-18h-DS
168;3981,07177734375;79,5417152238118;-4,81706366287978;LDH-M2-6-18h-DS
168;3162,27758789063;79,8460972322915;-5,41273647532059;LDH-M2-6-18h-DS
168;2511,88647460938;80,3946701031417;-6,3996408974639;LDH-M2-6-18h-DS
168;1995,26232910156;80,8483554216158;-7,41946566774394;LDH-M2-6-18h-DS
168;1584,89318847656;81,4614910844252;-8,63790439196491;LDH-M2-6-18h-DS
168;1258,92541503906;82,074759619607;-10,2981190976319;LDH-M2-6-18h-DS
168;1000;82,93349155004;-12,107179979298;LDH-M2-6-18h-DS
168;794,328247070313;83,7991940840257;-14,2403294394782;LDH-M2-6-18h-DS
168;630,957336425781;85,0102896879828;-17,0065446089883;LDH-M2-6-18h-DS
168;501,187225341797;86,2195517875492;-20,0065650157491;LDH-M2-6-18h-DS
168;398,107177734375;87,7888806012752;-23,7418956228947;LDH-M2-6-18h-DS
168;316,227752685547;89,8312746254562;-28,5030413324637;LDH-M2-6-18h-DS
168;251,18864440918;91,8530884192997;-33,516108547663;LDH-M2-6-18h-DS
168;199,526229858398;94,9060552443351;-40,260291641842;LDH-M2-6-18h-DS
168;158,489318847656;98,6794456094279;-48,324154443455;LDH-M2-6-18h-DS
168;125,892539978027;102,936596955962;-56,819103589798;LDH-M2-6-18h-DS
168;100;108,715022096618;-67,6698829853376;LDH-M2-6-18h-DS
168;79,4328231811523;115,939891797545;-80,0310343584426;LDH-M2-6-18h-DS
168;63,0957336425781;124,376288635211;-93,2418078895702;LDH-M2-6-18h-DS
168;50,118724822998;135,704579470817;-109,19425902613;LDH-M2-6-18h-DS
168;39,810718536377;150,333746128267;-127,749117849632;LDH-M2-6-18h-DS
168;31,6227760314941;166,293145617649;-145,806043738247;LDH-M2-6-18h-DS
168;25,1188640594482;186,822372429923;-165,820599101825;LDH-M2-6-18h-DS
168;19,9526233673096;212,570222078686;-188,40240772636;LDH-M2-6-18h-DS
168;15,8489322662354;238,054436879894;-208,254698600378;LDH-M2-6-18h-DS
168;12,5892543792725;269,06785909553;-230,689847244674;LDH-M2-6-18h-DS
168;10;302,334432319233;-252,466900539962;LDH-M2-6-18h-DS
168;7,94328212738037;338,731282049721;-275,145746755225;LDH-M2-6-18h-DS
168;6,30957365036011;377,290545910285;-299,009426544723;LDH-M2-6-18h-DS
168;5,01187229156494;417,511373635643;-325,029092312615;LDH-M2-6-18h-DS
168;3,98107171058655;461,306804960161;-353,320431159527;LDH-M2-6-18h-DS
168;3,16227769851685;508,946011809436;-385,054823692954;LDH-M2-6-18h-DS
168;2,51188635826111;561,213544744601;-420,903714772153;LDH-M2-6-18h-DS
168;1,99526226520538;614,351018287453;-458,836547259055;LDH-M2-6-18h-DS
168;1,58489322662354;675,206383737235;-502,362131132744;LDH-M2-6-18h-DS
168;1,25892543792725;742,182000867208;-551,648898362995;LDH-M2-6-18h-DS
168;1;814,510063747084;-603,616076881417;LDH-M2-6-18h-DS
168;0,794328212738037;898,328649572071;-663,667716363472;LDH-M2-6-18h-DS
168;0,630957365036011;996,253099815003;-727,967020223905;LDH-M2-6-18h-DS
168;0,501187205314636;1104,66004577844;-793,624463433341;LDH-M2-6-18h-DS
168;0,398107171058655;1225,29785090209;-858,640074420856;LDH-M2-6-18h-DS
168;0,31622776389122;1356,13886904392;-924,272448283913;LDH-M2-6-18h-DS
168;0,251188635826111;1495,22278810762;-985,040473130853;LDH-M2-6-18h-DS
168;0,199526235461235;1642,27309308976;-1050,46947260272;LDH-M2-6-18h-DS
168;0,158489316701889;1797,97399240028;-1120,20757169034;LDH-M2-6-18h-DS
168;0,125892534852028;1961,49305474482;-1193,03191777257;LDH-M2-6-18h-DS
168;0,100000001490116;2140,21949498185;-1270,16936469761;LDH-M2-6-18h-DS
168;0,0794328227639198;2339,23909171644;-1347,69003021236;LDH-M2-6-18h-DS
168;0,0630957335233688;2559,60966112084;-1423,16604618613;LDH-M2-6-18h-DS
168;0,0501187220215797;2805,13724362761;-1482,63901952254;LDH-M2-6-18h-DS
168;0,0398107171058655;3297,80104358585;-1658,51861650717;LDH-M2-6-18h-DS
168;0,0316227748990059;3516,31426116524;-1615,09852547203;LDH-M2-6-18h-DS
168;0,0251188650727272;3739,14279166846;-1541,2181134584;LDH-M2-6-18h-DS
168;0,0199526231735945;3957,6005307335;-1439,24310724254;LDH-M2-6-18h-DS
168;0,015848932787776;4157,70690098648;-1317,11823715894;LDH-M2-6-18h-DS
168;0,0125892544165254;4335,21182394456;-1181,62619406458;LDH-M2-6-18h-DS
168;0,00999999977648258;4486,3570338723;-1040,55852441848;LDH-M2-6-18h-DS